x_1;x_2;x_3;x_4;y
-77,96841341018614;-82,62913871291025;-15,496568072311627;-90,96338869846335;31,41760405459993
-81,54619544645226;-81,02056045723016;-14,476769077204246;-96,38192778551334;32,14508933538808
-79,99753274835274;-83,6951756196897;-14,493021681079483;-95,47886800371407;31,258628463993247
-77,10214517203212;-81,83830126410889;-15,002481675097131;-93,70398975742037;31,57089324727172
-78,44963057230173;-82,89333497262697;-15,250881168135193;-96,31199883558818;31,174159598443318
-73,93355957457757;-81,1236294920979;-14,076906346278648;-97,08080983830864;31,580774450206917
-76,74288450349317;-80,06287790944003;-15,011882646212703;-95,23642766271648;30,103264305811106
-80,88597802795053;-80,2915469691542;-14,833989070891372;-93,37536019549545;31,28738205283412
-81,41983721710102;-79,19572895752016;-14,531376527768654;-89,79373789763132;32,531854771441154
-77,14520755152172;-79,4328113892491;-14,288839449742424;-95,4478769730863;30,333730327617715
-78,16740999177351;-77,97888883736555;-14,678267205744428;-93,09100345868055;31,055671563627115
-74,44457893630839;-80,21735045891477;-14,712240381518908;-94,65280536075461;30,22071492816593
-75,72416495716818;-77,86780999069066;-14,260683646082121;-90,43818890828868;30,33066464736845
-73,19828816952113;-78,26484625809502;-13,763203005559074;-90,19795633272952;29,55118013507539
-74,33334421742714;-79,0136724403252;-14,274463460685663;-88,6405473264604;28,936534471156584
-74,0985428314825;-78,06516107920639;-14,430943259666112;-89,41097088264661;29,55856113589787
-73,42770041065606;-77,39674573034382;-14,034756314279196;-91,21453954267496;29,38353320219527
-73,52199801508233;-75,72457164959145;-13,95326267095089;-88,07375318262555;29,716581851370243
-73,22517147519959;-74,50582731662462;-14,060596723776293;-90,44457408555672;29,750550099582238
-71,50174514804738;-75,9214295752797;-14,242155733582237;-90,07878997386794;29,05459898534671
-74,62886100458564;-75,52419771556629;-14,198663209295896;-87,40395369465794;29,31869711839975
-74,69039044997784;-74,81546215785022;-13,878498637008105;-89,38611282903425;28,625194600127372
-71,37071459106112;-75,6633089010702;-13,686515343706759;-87,41384228740317;27,782366679807737
-72,84439087073282;-75,71483611037276;-13,358380361076904;-90,78454303900958;28,659308485480462
-70,78595682740554;-71,88503941800357;-13,278642984234772;-93,7674358414527;28,69645976165725
-71,30487769593263;-73,70523446629113;-13,219707450440245;-87,31762298049188;28,167477576124995
-70,70415361967379;-74,67412055853525;-13,647185425487335;-86,66082887342208;28,481335077230362
-72,92279829959827;-75,01362211770943;-13,322481724346096;-86,03653958266345;29,56898474985724
-67,95239722915656;-73,82446654112127;-13,37291598616593;-84,71123760574854;28,487308581277762
-70,26798025017845;-71,54739593636901;-13,053981248478259;-84,4438491685379;28,21954226511505
-71,11348277856946;-70,72479192197271;-13,333916975375713;-85,47025719227871;28,17114920219827
-70,10949605636232;-68,85246633224608;-13,175618283518798;-81,84235289105892;27,73558685940755
-67,93507591065793;-69,57583306196119;-13,075255027059933;-81,14246818314683;26,405395548426142
-68,6677246396112;-71,44935079816601;-12,74903840103513;-81,97035796781985;26,937412984384906
-66,74401479494301;-68,92043436557171;-12,51432823504282;-84,19939167130926;27,307361827007636
-69,28643404701788;-68,20449933580028;-13,115474338212008;-85,6294738026155;26,940717263485066
-67,65562550895334;-72,29239313686598;-13,105751294683198;-83,42654325423476;26,327378519179607
-68,85631127236174;-70,34320380304732;-12,795332906256185;-82,48198512167727;26,848427337270678
-64,63766195698143;-67,4690809331436;-12,814997884983658;-82,41236805668997;26,863920253263668
-65,62944806326169;-67,82296196416877;-12,646298400500886;-81,47850695622651;28,00403323255006
-66,59708700636217;-69,86415564781382;-12,78794681606509;-81,8988880862813;26,89542231827789
-63,9251110177705;-67,94281740037346;-12,757995984722468;-83,36225698694992;26,308373840968454
-65,62474485383451;-68,37735619828305;-12,002718140078798;-78,2082187878713;25,484511985689625
-66,1624519162661;-69,46710433484375;-12,104960713120871;-81,04302340565286;26,520497462735506
-65,55568427961846;-66,41099732508349;-12,507541794755278;-80,41580600035515;26,047441183454957
-63,244849667013845;-69,05445933382688;-12,085629318766488;-77,78246204496793;26,280552903039492
-65,12621131189033;-66,9268851357246;-12,152957763270692;-78,88563920298883;25,420275957629787
-66,28855662185644;-66,17137650839933;-12,56700198714822;-79,04373579541905;25,249716154024817
-62,82105245384423;-66,38750266748731;-12,390232278352281;-75,56005134497636;25,872178867445122
-63,802259010714025;-65,21048335125624;-12,347031470646264;-79,18102411467999;25,872949640417545
-63,57037488050063;-66,81649787172816;-11,905645941202863;-74,42302603667903;26,056928230553954
-63,17510147058562;-68,18625973287538;-12,00863560203393;-76,28116192711994;25,200879410279487
-61,458711871778675;-65,41240785757019;-12,044047317574316;-77,95453919771806;24,97409216146448
-63,43648775108508;-65,4823047278772;-11,515475061073378;-75,8728281536021;25,099304245373926
-62,43115803257851;-64,02415055582277;-11,985286952424323;-73,18484200794983;24,689874396422535
-62,484035327124246;-65,3069678343434;-11,966972628814796;-76,49617160881284;25,25211388368911
-59,643986978624845;-63,809395858609754;-11,95293032787219;-76,09931913769569;24,401770982935172
-59,06093502105914;-64,03706293686145;-11,601198184461298;-74,53412747711164;23,621708879636564
-61,44432790594676;-62,38480540802606;-11,549052547816038;-71,8644001194129;25,233918833988277
-60,21086242918618;-62,75946477754368;-11,304850828621623;-75,63298264534978;24,581025313526062
-59,34779714429664;-60,395452015889035;-11,641937916707072;-74,03734513195762;24,327062373027967
-60,09977295599549;-60,966344220644416;-11,547524811928568;-71,27121848231735;23,73886147485398
-61,46781282286724;-62,372787554929715;-11,232357502691807;-71,55980602231794;23,19268832660633
-59,902263486644465;-61,14835528756734;-10,956819434526688;-73,17690759500026;23,882367295349802
-58,74304878935856;-62,280791820723714;-11,160315681860688;-71,8591030754982;23,69588006894599
-55,846159173888154;-61,16124912326777;-11,237529856258252;-68,31518495390249;22,949976803435895
-57,30203510419131;-59,17875222781523;-10,851549236320913;-74,40580741293981;23,453358314716812
-57,94060256426569;-59,740529614164764;-11,055918998790602;-69,11488581393012;23,94747333531969
-57,75732704117979;-59,089916432332565;-10,847666440028824;-70,92360289266021;22,517353646952085
-56,26332998392331;-57,88806814626806;-10,883021455587702;-71,9289380695922;22,69330220268669
-58,05270454978159;-59,65947322246108;-10,494725296817675;-67,23387843540513;22,742513361959176
-55,40821718689948;-59,50219490959933;-10,792119958173716;-69,09501281882245;22,621452020891294
-57,255021239570205;-60,09404639655934;-10,533511430030824;-68,87227537062384;22,710589017564267
-55,43034182115442;-57,14726899480451;-10,40197109481181;-71,09871747879987;22,303955697645574
-56,24167451563437;-56,04015071521731;-10,892640684188887;-70,19817707736439;22,22080520043735
-54,00514336267036;-56,402495376472295;-10,394176430418595;-68,39138188536437;21,72076401675723
-54,94545824155321;-57,354980786803075;-10,461037924042243;-65,54499698859742;21,726070096151478
-54,707302117154896;-58,649557075658606;-10,665976237840674;-67,56567572646357;22,268384379592128
-52,80729691306921;-54,7918483248289;-10,381391896555966;-67,64673107923682;21,731633246973544
-54,723212060328976;-57,9619037547381;-10,172243253977703;-66,76291031811489;21,727448663934993
-52,191273232712376;-57,137127869028305;-10,440831631926606;-63,20415361407451;21,387246450198894
-54,443437353301775;-54,48756746002762;-10,294191970693024;-65,88044406171578;21,482553665931647
-54,76658146991214;-54,658650879724846;-9,941850063897686;-66,08035596770641;21,501313442285753
-51,4816284165994;-53,3782717153324;-10,184237656239015;-65,2614414581369;20,922892598980702
-53,17859754023031;-53,375862188645115;-10,102815719816375;-64,41783270328783;21,26139831931475
-52,609246515258754;-53,547443197657344;-10,193991766824595;-63,894817408711866;21,23603977704516
-52,868833711732506;-53,16693263213537;-10,002257239341551;-62,48763124101992;20,729374463905877
-51,392870616491784;-53,204034033077996;-10,007436721810205;-64,55019698788107;20,565380201710177
-50,522328081805554;-52,9782231210483;-9,493507197803421;-62,11209435675199;20,23856850787814
-51,248812749605584;-52,69672953630391;-9,574322027378413;-62,91793538108261;20,628518006509207
-50,96112731185525;-51,45304942204428;-9,481491232196506;-62,52008160561217;20,23626739955401
-49,57750800543856;-53,58690963815737;-9,615057061980565;-62,54306680355536;19,524207044901054
-48,870425628765624;-52,413889252735714;-9,428789319015099;-61,1541457084063;20,429476320940097
-49,42830297526586;-52,00535242750664;-9,489254670511041;-60,44674532719187;19,742970437154014
-49,3835561209935;-52,541119062327645;-9,595597949832316;-62,590205213009526;19,713628374449424
-49,121531024188414;-51,29911296705437;-8,988783768243113;-58,67456629290639;19,352397582742235
-48,53515504379521;-50,068835278999174;-9,423718502353754;-58,995867699792925;19,20432204239222
-49,658722857112245;-49,45333065176818;-9,080662523678297;-59,1782424774969;19,32059415221427
-45,52429481578925;-49,313967613351934;-9,117876780921437;-58,110124215815695;19,461131934458763
-48,88103925253694;-51,229367506939624;-9,089033682545562;-58,874030251434206;19,172053864516997
-47,853566233174945;-49,885184981620675;-9,333395829902674;-59,16893276487294;19,38692670415053
-45,19831884727339;-49,78237201028543;-9,040155262880571;-57,84916113689246;18,694274844673007
-48,59083962215796;-47,83384335734098;-8,700037348969614;-56,847011059339756;18,991410209296124
-45,78371872445092;-48,11895622923127;-8,744029154745165;-56,31482032380197;18,559355903252328
-45,506672226317285;-46,941316029891915;-8,808199534042807;-57,42435018147697;18,91259671889602
-44,95740383143124;-47,067869540671715;-9,290369091548882;-54,17099553376822;17,667546372112604
-46,058434535144556;-47,503434389167865;-8,235265889894444;-56,025833678472495;17,860502920831017
-44,807139586066484;-47,13166285139365;-8,370542154260473;-56,24069129270597;18,319738122953076
-46,267837339387356;-46,37730308321036;-8,744222402523699;-55,56539132267958;18,41695534468716
-45,134335951419914;-47,16260681567362;-8,407332481740218;-53,49606009846635;17,758604966117833
-44,08561594612969;-45,35198863157512;-8,276998554205976;-55,10082654887154;17,7874159609514
-44,44671349791726;-44,66777433345227;-8,275194322265168;-54,983548374372525;17,268077696913178
-43,75711104265771;-45,038438471799424;-8,694178978727592;-54,755484526967614;17,357250954834424
-41,440763135170606;-45,34391328067153;-8,20974377484762;-54,132189797436766;17,42062986858019
-42,40611959135946;-45,33407059208772;-8,16581220296883;-53,54308954192716;17,205569486586064
-42,4692913390467;-44,21871008411919;-8,045918954030176;-51,90089340591542;16,77263222148987
-43,468923336890036;-43,78347270543742;-8,088289432301224;-50,59142031935489;17,019981321683936
-41,51771948826347;-42,94240789567932;-7,986498911147215;-50,39448981307908;16,9208210206387
-41,56162205168898;-43,01523747976775;-7,713745209908769;-48,42310629912734;16,603174594396368
-41,361649287917515;-42,39880272313472;-7,970762769424868;-51,39122090229707;16,196540281402378
-41,17721340138019;-42,00924391867856;-7,562429341501455;-49,73662508600864;16,484871874303053
-41,57651107779447;-42,309106910738336;-7,587480138924505;-50,106172323391725;15,812215051014132
-39,71593510926772;-40,6280732049782;-7,850503650315336;-48,59919929875806;16,061660991797233
-40,439617939907706;-43,1849549263346;-7,311560884575805;-49,46977616206743;16,10522885280677
-39,3643325766632;-42,03193156878214;-7,637629486235541;-48,01371074194052;15,450316869862158
-39,736988288490004;-40,15775933654798;-7,33680089600547;-49,3429303197907;15,952376682506378
-40,25565448134616;-40,69215153929845;-7,133604952175014;-48,519573171712565;15,050357315545511
-38,9736227300731;-40,965649858786556;-7,218446965499784;-47,842547700269236;15,316987385069533
-38,038811284125586;-40,00158249530523;-7,25998065936563;-48,0385913066068;15,368616157229125
-37,68512144275044;-42,31186721290164;-7,284073274783181;-45,475638925711486;15,537464723950748
-38,17667969153175;-40,3036939121727;-7,264218423241617;-46,94919769413305;15,133076432776349
-38,6459000362476;-37,930626274649065;-7,26686830754185;-47,312563398459;15,639795974817694
-36,64776421627652;-39,37323953560733;-6,938302972716587;-44,40123584177593;15,00623839079507
-37,17599734091714;-37,879809761201436;-7,073500313310311;-43,6390772382097;14,379911648458663
-36,40420218245571;-36,819853769523114;-6,991319766790949;-44,2778203307147;14,753641444768824
-35,81723247854476;-37,65950786344406;-6,8321597563823495;-43,25390456822566;14,222890936112343
-35,324725956747;-37,335768277706876;-6,827251932025096;-45,239768398406696;14,688914359296588
-35,67129387301453;-36,445762386931904;-6,997693271775924;-42,93429831579089;13,945042475287636
-34,59025806354423;-37,21545069963582;-6,7254836975062275;-44,19828967392109;14,585748621182587
-36,3790346373816;-36,69706122815031;-6,77463310846183;-41,62396986486585;13,775011950766483
-34,52411288777297;-35,31011533429319;-6,661342089017978;-44,01828410833145;14,078274453173547
-34,0233062924574;-35,79718272539439;-6,682626906811768;-41,984736292726;13,539175168800684
-34,808238986647545;-35,31103630259638;-6,516391441655428;-41,055917368787725;13,494716339053841
-34,4285553027046;-36,25305310064673;-6,384130153816405;-40,34718967102579;13,27866092151796
-33,6969219690337;-34,391236313271556;-6,414886070758741;-41,17283345613649;13,122843507597686
-32,714253230488374;-35,275365812542006;-6,473196033791117;-39,976852861946796;13,26506044844706
-33,34073127045963;-33,73722111682593;-6,058682158632857;-41,2124071348955;12,733637997189382
-31,822563802269297;-34,03118239730852;-5,869088375404439;-40,114713382582224;12,77574226439402
-32,67162502704404;-32,73405495647824;-6,159100859381825;-39,90253366612219;13,452901044079473
-31,929674940906708;-33,88118902781485;-6,089271924580853;-39,92922665278847;12,562469309623285
-30,569694118926375;-32,2158719320987;-5,897782873150263;-38,230919344861356;12,909786058350962
-31,35051884401793;-33,076702391665016;-5,777160029378069;-37,97176055953466;12,54218306876024
-30,96613993003653;-31,913934039418937;-6,025982345909747;-37,76870098591092;12,240588019755453
-31,179384943894913;-32,69400478658904;-5,8580253983623916;-36,85065468173342;12,030197951832632
-30,76002955630148;-32,95774839800661;-5,972098726738443;-38,855983005006024;12,252883224855617
-30,105579646396947;-30,69382039015185;-5,594286527925011;-36,024482748446474;12,081492603460525
-29,293038311583146;-29,9765340176827;-5,691612260075528;-35,456597792838615;11,72190081407242
-28,745334302498073;-30,2327251356471;-5,3788685782760846;-36,71771623429236;11,753357517738843
-28,414626347282017;-30,36184700235564;-5,3600149839062805;-35,42843734228418;11,971037486032325
-28,904834464078085;-30,340860870427967;-5,3848885267276625;-35,7350428473074;11,356642177815784
-28,140403057500208;-29,221410619213422;-5,641549371154048;-35,041749412155504;11,907081312132306
-29,101857900395746;-28,79329176085291;-5,37163587474098;-34,60478244622322;11,097504506942984
-28,859347235228284;-28,900651589647175;-5,555219377032251;-33,23061241916818;11,046981782711661
-27,98744200975875;-27,77402190457995;-5,16620285778699;-33,92103632947768;11,385292901978486
-26,138188147731952;-27,464656809642975;-5,181304665792042;-34,38208448989954;11,023598507306987
-26,57152383935494;-28,47109357590372;-4,929438363827143;-32,27681417920788;11,018361964428014
-26,374720748486414;-28,00538730143014;-4,8518884386851875;-33,08067563059914;11,198480081049711
-26,072178485748424;-26,585428581971435;-5,012640620419097;-32,36956810264306;10,393923655925683
-25,167370596930805;-27,032905957250193;-4,710321607491829;-32,41389495165215;10,187333505424522
-25,234913938765345;-26,76396573553023;-4,79926461883663;-30,93407794931636;9,998441001487263
-25,253221087104524;-24,44286782306836;-4,5650286532004305;-32,246534295616726;10,070949743804025
-25,236251990804504;-25,44939688157287;-4,802795477012861;-29,65150212453222;10,03385700828785
-25,29850421616334;-24,897169415644647;-4,637809583081187;-29,66875612394251;9,837379399577383
-24,60730774903006;-24,811512229683586;-4,63079874620428;-29,668059281423314;9,647462889532182
-23,1903279370289;-24,69479451294901;-4,486092937445379;-29,32754545619468;9,516083333746014
-22,892058545854923;-24,34495692347563;-4,545442856977118;-28,655099190530315;9,855921690345225
-23,43071620084109;-22,488959810591552;-4,355387446074167;-28,945105477933495;9,404734394238696
-23,727119080981467;-23,306560325949214;-4,388657252543648;-28,24496980650877;9,373181986724294
-23,05354049854154;-23,90859602607448;-4,265136941083647;-26,842051316159182;9,206290537612668
-22,026593455899086;-22,970055702749715;-4,195753404035608;-27,59790725535419;9,127523447255678
-22,46163233319386;-23,32675058691418;-4,232147571455654;-26,740552039544433;8,653951267786091
-21,020318980969513;-22,29182537106453;-4,187007326250014;-26,662399182792456;8,378803405519328
-21,26280219302976;-21,507451386868933;-4,080343641671577;-26,300126378520606;8,985147169618132
-21,336910639709192;-21,425859221019852;-4,049322538854494;-24,704485379336415;8,470328520070638
-20,168478087310596;-21,21945800076979;-3,946714267062955;-24,95781807391016;8,411431358858596
-20,410262553020598;-21,201447017594916;-3,8990011727735787;-24,543673091016284;8,108919062505837
-20,698024343905914;-20,64098976360423;-3,8575448650724837;-24,844571031835315;7,955850957140271
-19,542915980978584;-20,94156929477899;-3,797318827776964;-24,850276211093146;8,046475597629126
-19,258054657012515;-19,884914703028116;-3,6735370255090114;-23,85211872280155;7,808629818549506
-19,59792799682079;-19,614479219302872;-3,6132571236961457;-22,87922530647267;7,676440255350801
-18,52449468896544;-19,832651989006205;-3,6322379947970047;-23,129669213823043;7,444741207472539
-18,391025303705522;-19,48068974525853;-3,3830427188562204;-22,665909149377697;7,517715087825842
-18,528544421126774;-18,961967271897077;-3,3907743764096208;-23,318294383820188;7,448010897142049
-17,5107885046736;-18,954404292751725;-3,472070560886196;-21,820020356040366;7,065760091634514
-17,427533452937954;-18,25090289664415;-3,389521647311776;-21,316374088844224;7,078233257021985
-16,87517050781046;-18,37618759951826;-3,2280257938334613;-21,86641136324394;6,963299950092134
-16,879567073331277;-17,814374055630132;-3,204817796292922;-20,876892147355896;6,856424099875933
-16,95015445701779;-17,68668497225721;-3,322988917002088;-19,988365525711018;6,651021984256831
-16,265467929726487;-16,3963967835874;-3,098583887803882;-20,325699341310905;6,468885151838782
-16,068450415130965;-16,42312492180437;-3,1499602440569068;-19,094429594909087;6,505124218397964
-15,572407305131868;-15,910817092833547;-2,9515149199913635;-19,12141836536594;6,4501754566925555
-15,412996011262766;-16,024691464668937;-2,952437606861521;-18,54860038760675;6,454335068142832
-15,16635844980611;-15,600234194830861;-2,8018202582389935;-18,26994975870961;6,086794100793525
-14,507990318666282;-15,37424987946518;-2,821032802567091;-18,16529133531463;5,738667702404566
-14,052905279152084;-14,885251113805994;-2,800027903811132;-17,542633770318723;5,770484976909966
-14,18918897775775;-14,426144976437651;-2,6723105933493088;-17,345136632237264;5,77220228473775
-13,61898092297814;-13,888754143413234;-2,7017622160475936;-17,44811558608299;5,668336911268348
-12,902827012468677;-14,07763207358656;-2,566982184073056;-16,286497984669573;5,505623374068154
-13,361433018572452;-13,628332080873598;-2,495878199602341;-16,0040835553075;5,393714029550212
-12,210887084101955;-13,34027823454057;-2,479599374517147;-15,398813345112563;5,183995505569961
-12,66427489761986;-13,098197413480516;-2,414953708197443;-15,847660289044025;5,004043470271361
-12,099899050164368;-12,321358895944353;-2,196831230003035;-14,84547071981224;4,982551767932327
-11,898012780671833;-12,380354398827103;-2,2547584377896857;-14,354205149749898;4,697205347653358
-11,537599193878364;-12,115447208597612;-2,167582180849043;-13,854362822832549;4,534974963186211
-11,293893945869847;-11,631576554876776;-2,1281719841451965;-14,045168668395595;4,555944519050836
-11,006684660672713;-11,107641818412182;-2,043162093339806;-13,690166977194565;4,542957042408144
-10,518574563841357;-10,844071150981835;-2,023057485989637;-12,41301232865403;4,222702816611552
-10,444752034900825;-10,87690192017991;-1,9009689167239983;-12,433552827794612;4,22512622819858
-9,875282692370702;-10,221664021935858;-1,9556171520773553;-12,095847282374576;4,070846794219909
-10,023325463155293;-9,848904032684684;-1,8337861089674643;-11,850326727020471;3,853585058820765
-9,366365887138215;-9,412884641336307;-1,8342377487991888;-11,720904510381736;3,9221550977832393
-8,877863879529146;-9,223570316693738;-1,7534404889466222;-11,353641080009917;3,711988302292952
-9,057465842621275;-9,217912679188053;-1,6340138065165186;-10,645172996334917;3,618136557539505
-8,390366090223962;-8,631389012437184;-1,6081214140008222;-10,400449609124362;3,350079052885793
-8,026608065881359;-8,402176695298618;-1,5263167375713738;-10,043022196038097;3,202446547876764
-7,713050102736838;-8,169218110860449;-1,4843000551752874;-9,29728231765622;3,1458857675653906
-7,3956560180123505;-7,91934641858379;-1,4419552247779905;-9,251127894878575;3,0023082949400277
-7,36265635054068;-7,632089251878326;-1,3636474185232987;-8,71731218749697;2,868332568057985
-6,890734555162005;-7,258134833811819;-1,294876770355956;-8,28344610082874;2,6814368899672827
-6,564552340271243;-6,489682977962462;-1,2580105603103058;-7,906234338443967;2,616322996481311
-6,31990070767238;-6,375041615547431;-1,1648244085595816;-7,452335347355426;2,4724160809507834
-5,7672503246460325;-5,991929654610642;-1,1167872341160823;-7,2675677621019865;2,4026074216731073
-5,6986944463331435;-5,520402454435041;-1,0658134223476048;-6,825713192604992;2,1029824277064098
-5,016367403842791;-5,3189849888568705;-0,9853373489349742;-6,448100938896754;2,0865986463662933
-4,866419212211232;-5,187719781144306;-0,9325310853002431;-5,84136776279334;1,9137169107907732
-4,657586370882262;-4,680503631802133;-0,8832074007148891;-5,747676999820306;1,8995741729432787
-4,357999163026077;-4,384134998115071;-0,8085014028159365;-5,375831878239497;1,7029441178296392
-3,862928212042929;-4,124074287532846;-0,7299715136665449;-5,062146218736029;1,5579855028131475
-3,7424724635147655;-3,79467511213721;-0,6794026689410166;-4,39142831496894;1,4607170056785719
-3,404095473517369;-3,3413970163233033;-0,6461215856911443;-3,9561118964037267;1,3496108443861086
-3,0823325646594304;-3,2158406366043852;-0,5640343650924365;-3,851569175118315;1,2040176070514679
-2,6479782779277765;-2,7842297462680827;-0,5209042282040729;-3,371157818117065;1,0377043840113918
-2,448677467236748;-2,4938831661784486;-0,44745912651431263;-2,909225642663909;0,953017255829523
-2,0146782351453063;-2,1389987818253413;-0,3949493384450979;-2,5356312933299585;0,8510492410840839
-1,8049786284537304;-1,7876610006458857;-0,32887483173642185;-2,1471878791755565;0,6871463145555577
-1,4601443644315488;-1,501556225151104;-0,26444299714681446;-1,743031476614594;0,5802954191783708
-1,0789664693378807;-1,1362844456150827;-0,21689457258389863;-1,3928017033181521;0,4367301676804405
-0,7968794315905269;-0,8250198476109387;-0,14682704534101965;-0,9960758945208423;0,3160524709429227
-0,47223836197855434;-0,47965470054344894;-0,09168711010910327;-0,5551278549110793;0,19492878543270453
-0,1600762446780183;-0,16184533825399985;-0,029862673446768535;-0,19880574114394323;0,06574988080993621
0,15360981128878878;0,16174071119319966;0,029926789289857186;0,18740588937890892;-0,06458276749599803
0,47315944441331553;0,49124922771852525;0,09270256305757497;0,582052257263688;-0,18980944680453743
0,7744307811943687;0,8355284498549581;0,14754943159387365;0,9713558404212183;-0,3204795715336869
1,0810768016926804;1,149185321831227;0,21778563855361044;1,3804742050072953;-0,45100435644121895
1,462397931710772;1,4655693728902752;0,27603393326152914;1,7082109299555732;-0,5550645453662748
1,7415364777568882;1,7355964990362227;0,3406438067181221;2,177673093636843;-0,6941999748182557
1,9507608911028211;2,03637064514895;0,38590422879803155;2,5955355365375343;-0,8241067359441415
2,398089075333128;2,39855320237918;0,44482628466222657;2,980825746074663;-0,9343200539678239
2,729368071981028;2,8321323006515704;0,5149192634883715;3,2790151268778294;-1,06859723772336
3,012671908007351;3,0528537392996196;0,5606113273832973;3,729568890720603;-1,2037305207625122
3,2255004731039123;3,2704607424906547;0,630150860289051;3,936975148993917;-1,399440578468937
3,59389253134004;3,892497956346127;0,6957607185938317;4,459821503001372;-1,450580218886311
4,051199639220522;4,017161853648547;0,7502994055720512;4,899809376131616;-1,6367189730759724
4,311007604958813;4,502071642808222;0,8222262510509474;5,043848300532802;-1,7239302565051815
4,672841839810779;4,772547747603696;0,8814750114678003;5,613845476307964;-1,8269649443439844
4,8731665591929;5,247292865032198;0,9382408683894154;5,968309751657272;-1,9965077506747104
5,10944130783329;5,425083009782645;0,9834286732850398;6,247725569068937;-2,0817850437421974
5,390768577428956;5,637063728084959;1,06651153213803;6,973327561780301;-2,2025532495586635
5,877733782935556;5,798514761947607;1,1117316222692637;7,009371212488729;-2,3794700255712753
6,201038550700153;6,260771669594543;1,1557772387693352;7,668295478454407;-2,4476898988759754
6,496261650674654;6,583439663655136;1,2546900422200138;7,810646526869445;-2,5952789906596374
6,9006741446917585;7,14006831344413;1,3234442947726865;8,494508082752088;-2,6860915626989916
7,310554610782824;7,3681575601284806;1,3396287238319124;8,937436981824224;-2,7718973927236514
7,219394478358156;7,699349690800399;1,3888885753518156;9,274179429991888;-2,9521988551117904
7,789526562861503;7,916624097768671;1,4752143604278176;9,357007412966151;-3,0636627351687045
8,204414736223985;8,185373450657197;1,5137939255861044;9,96095211526233;-3,3356156441364067
8,75838490912061;8,643203320909658;1,575822974142593;10,589927407373535;-3,3631241063811013
8,837534081480747;9,402938708065287;1,6666041253542598;10,596040457647206;-3,527178840688974
8,83690019494503;9,293383308199374;1,7093135654372948;10,573765040220572;-3,709942685782398
9,051484144958327;9,613413594200052;1,766734641787587;11,23200350748331;-3,5851352955902427
9,390333043709978;10,21801732225671;1,8244205435281258;11,466841714118935;-4,006834775415215
9,832894318800069;10,391943522726695;1,9078412854853324;12,343712503683504;-3,8484227201269006
10,263809990975778;10,896132373497595;1,9048009931473537;12,67905324054708;-4,146733317539182
10,508775718212535;10,888771260145015;2,0496040060852208;13,10847891665712;-4,032679377346291
10,80950458635037;11,32841023791837;2,0744083241943008;13,219250451631687;-4,274816475512783
11,384002134170911;11,4081472870995;2,1797926739022;13,607354498967835;-4,4485666946146525
11,916415917181329;12,240467698129239;2,1668960624699256;14,246158046754342;-4,725001965079519
11,839868435020053;11,961883616042968;2,2626608877344183;14,394147094912666;-4,5969200552959
12,50148919129023;12,695843064031045;2,318133402467797;15,255318044687808;-4,736204478938437
12,652295534484525;12,95597733545104;2,36261208135621;15,473052713460726;-4,969760761236068
12,870202197938315;13,511670446799743;2,4539828590524864;16,01174855213366;-5,208409875860815
13,06199635832558;13,533823340086908;2,6216229099679933;16,51989035736374;-5,314386119286549
13,34269795795803;14,094740557551704;2,485964887879426;17,16061969534532;-5,30781158865799
13,703394715726306;14,391638534009026;2,582198476096462;17,102041322840535;-5,729335804634486
14,410650762075656;14,823064836691723;2,6361951709792506;17,51476890064794;-5,568171696078418
14,248864177301453;14,638756782265665;2,7856745842455317;17,88175667428432;-5,832799073516535
15,002810792909914;14,759003117376137;2,687625564146151;18,39924715567591;-6,005679340905469
14,588083958602262;15,49390093413774;2,86870719740911;18,67697054701343;-5,76852346451527
15,168664459479063;15,82783973751117;2,9507677532512613;18,392681928316804;-6,366065397855905
16,208328297510146;15,962310400224936;2,903829297954806;18,828703932690388;-6,294974130880594
15,694523054671649;16,47637719633348;3,0230236825592014;20,384459092619313;-6,644378718057439
16,396391730107133;16,9534633406134;3,0291778295951146;19,785585322274414;-6,5513939137527215
16,102557433543772;17,708896845292468;3,1200173145846297;20,47649494092141;-6,677119140466653
16,487041862885146;17,188876706495257;3,2984304968757194;21,167940522425873;-6,671112155115475
17,133659363910187;19,178661741183678;3,305096441807438;21,279548357309228;-7,127273424439691
17,71518616502276;18,46769895763308;3,199671549143333;20,97725946057713;-7,0608586508999736
18,378460806693802;18,605019276282185;3,3132063949650896;22,38800383778032;-7,2276019187083405
17,86007180921173;18,659396186845136;3,560926953592325;22,564703069667278;-7,285243885391553
18,44899088326421;18,413457201881982;3,46755610041977;21,8148497882088;-7,390160668140532
18,25669209312859;19,62019172045531;3,5638090464883714;22,10704797202609;-7,507517488859384
19,042096292766452;19,723308701647554;3,646235830043971;23,588192752725803;-7,821055170252187
19,69667375784937;19,8845198150623;3,749132347631532;23,950724080171632;-7,676688889440209
19,37673989152219;20,560121071077457;3,642750970628492;23,856636929545715;-8,030080475281077
19,83406315900433;20,00340198385692;3,8394359624902004;25,003218351607625;-8,06517299182795
20,509169211918337;21,7431256811314;3,7527825934887047;24,86613493236021;-8,236394740059131
21,063862245268112;21,747358067006463;3,855813794065428;24,6478862283738;-8,33555299797661
20,551760700894338;21,693654262167023;3,8036648117822236;26,211208322995237;-8,208076981112383
21,74747636369711;21,767539959638416;4,043949970576784;26,24063066273396;-8,428007880765
21,803727505131615;21,982760913140133;4,0590204423853065;27,349565354003314;-8,729438394467124
21,545171291083662;23,179653904027074;4,29771489800484;26,927288229120855;-8,970466354219274
22,44702540262335;23,7400643758349;4,264573415049796;27,961803634306467;-8,718053105095914
22,883726028848432;23,573348885450198;4,398463517009922;28,304846211299754;-9,25183304453657
22,64982635843776;23,78659319942715;4,606538511335048;27,54725219648631;-9,331737281980315
22,92176653510792;23,87636005586902;4,4567062549144945;28,56977297328084;-9,56184076443582
23,911504312637533;24,81794942773449;4,51805422580093;28,39105271934156;-9,64700750355524
24,031467005255973;24,6325730748071;4,240807389531585;28,816161045816024;-9,670096045681506
23,746661819633474;24,79265914389106;4,615345797118458;30,569051725460657;-9,477983679685112
23,895001529428907;25,51775840437625;4,697775932144389;30,14428229359137;-9,56201929420839
25,20773745080973;25,48556366626411;4,645249107079636;30,083006742206344;-9,812840668526777
25,01312394746668;26,115083638425602;4,778179401284776;31,410886523304182;-9,777412957409426
25,682088028906882;26,222462526195127;4,932455871914806;30,90078007387392;-10,10836998161348
25,27129230375941;27,515486425283353;4,957242438969586;32,301399726294925;-10,47190012176594
26,614153883772147;27,187046299121842;5,007919932089596;31,81788136382778;-10,55138307909156
25,734448889135756;26,82917412408328;5,042988054535533;32,305340805844935;-10,962233834104612
27,333892469719522;27,391671612822638;5,118735044791175;32,72252062324007;-10,607664377849568
27,199310612837877;28,160500758786032;5,04372241465725;32,40351042589117;-10,841998427695055
27,863305519271734;27,923488104814844;5,3376717961977524;34,227022188985316;-11,056275179948274
27,262980768082517;29,536589599798226;5,222589697507341;34,56024285918379;-10,956316283685783
28,496617337736133;28,993565672063834;5,423317236434738;36,12347455214112;-11,341721934355354
27,64574286435385;28,410812676845033;5,321822359621711;34,03590023643099;-11,680733252017033
28,535323674893206;29,252764323362968;5,244821330468628;35,420574687078826;-11,609064112263848
29,42318684198128;30,64715185111752;5,4707060848579925;34,763726929141576;-11,52930224602518
29,356112559394365;30,114151613100834;5,619177457034136;35,22812457549737;-11,628581656983012
29,484575656844648;30,84778790289543;5,5708606499642945;35,89526246133568;-12,09066375319048
29,60304113818266;31,03474913544933;5,6893744058526226;37,27706422633551;-11,92149754966409
30,20216516551208;31,734324923919786;5,609883952900921;37,09016240504785;-12,344951948007584
30,455511962539987;32,52606964328071;5,669188309198267;37,17459645829291;-11,996911590465874
30,57720482199281;31,5337016014326;5,856391006947822;38,09224115253058;-12,27061623744187
31,289268069689964;32,49506900630452;5,637938941873832;39,498921086695724;-12,393408720703798
30,89969535911747;32,717276909545305;5,966757517983971;39,67464560035763;-12,44802724481789
32,16447047318719;33,18838400029958;6,049376236792664;39,72316235001407;-12,80089164129182
33,088042551110384;32,75961122847275;6,128168231171905;38,98954875785469;-12,793714547409694
32,561825031209295;33,659028054344674;6,2302945509252385;40,514865916059634;-12,632669319859524
33,98481523134291;33,70923148230381;6,20213224852119;39,88209145526249;-13,534048274189082
33,09350366021304;34,76868754346706;6,425331260882592;41,287444330085954;-13,285842887261706
34,58117864066818;34,62017606625382;6,587675992755125;39,47308220487815;-13,629682523207228
34,359795394720784;35,49207066029094;6,296663428290411;41,306820024373366;-13,407219137332476
34,791765335225215;35,09157911192974;6,702854165226431;41,59084146891933;-13,939655847006087
34,5851511455767;35,883191231124194;6,555569173882426;41,290237626166665;-13,930875890086366
34,126960062907735;34,9725225989171;6,159877312271275;42,54150897059157;-13,455907556543217
34,47774944930279;35,94679976883353;6,679484787133005;43,75043377032184;-14,157908393368775
34,619969242375085;36,02327783401477;6,755313704819328;44,16293467121722;-14,430561225169049
35,31510903338307;37,7724114303985;6,870444310286022;43,28334963289644;-14,723489572272285
36,53328147774694;36,14164083783661;6,811241809213849;43,20409478219215;-14,899204694880833
35,439832576148326;38,421014093298325;6,783059391327744;45,700056560710394;-15,200252264742508
36,92212405841473;38,301113847919936;6,874262246518909;44,41305012156289;-14,21135228634361
37,76202577908197;38,29086557157358;6,94373645918978;45,89076767265812;-14,793345451552472
38,42095215128489;39,02951310727542;6,840512518023593;45,487713199887935;-15,015038106246003
37,08930521899481;39,89941471054236;7,079470341941841;46,56716765428196;-14,294890316673577
37,69307075012932;40,07594595302258;7,4308991512889255;46,750855513194836;-15,408073543700485
36,889438583659455;40,9238062472577;7,124307061651169;46,472908028975105;-15,826841666962876
39,005684109964655;39,06573224736349;7,344448383388152;48,55710360814506;-15,171390952688078
39,199566387038864;40,94091607788233;7,561871993477749;47,905996569979;-15,632112225327967
39,04319522630366;40,659971272887375;7,376686577726398;47,53226678424931;-15,842603744394143
39,4655343769515;40,07796101722045;7,4115926734120325;49,84334580484578;-15,450628913163953
39,92004413017848;41,844690961832974;7,640205130311922;48,88887865284217;-15,655749025232645
40,849159246452864;42,52857022155643;7,464479253598114;47,78887864999481;-16,180184698319586
40,50366369264508;41,258680301406415;7,645026130408954;48,50524259925644;-16,492645380965115
40,80820327810922;42,115220146292394;7,630511940258457;49,37990281139345;-16,04761386117848
41,3569369562;43,379960392466394;7,813884057037622;49,718866525159335;-16,483057781041392
41,66535150009605;41,78992981882428;8,069465006611267;50,002632480489495;-16,835338805681868
42,11415022817033;43,3556253962767;7,723184806574992;52,45775015632436;-17,421761155724134
43,37278532487632;42,6659233385359;8,194449538511368;52,08759992005496;-17,14831720274624
42,18776139114164;43,88092846205549;8,19668176659678;51,86352300935605;-16,636497430438258
42,17657406514762;44,79719214900028;7,889818628167232;51,497029688552985;-17,09935187722206
44,05137592854604;43,657967217017884;8,189054540414226;54,48965178055926;-17,436163615937716
42,17435972378439;45,634782701003;8,132455642956955;52,15174870510808;-17,06220728267191
43,73882902361087;45,30146823245262;8,047472669033896;51,68331978458403;-16,989314127346184
43,11308953902455;46,377876911735314;8,275754226265892;54,03914722118707;-17,64471002786707
43,080280689585386;45,9741180217055;8,566620574320252;53,79339569530528;-17,951039279830045
44,20458223285127;47,39070143380962;8,50635185117793;54,443400906519855;-17,833985504493505
44,88953611846155;46,65215604063253;8,835376105255742;53,778462268771825;-18,06868801890047
45,37719721629851;46,94636774986749;8,458602282327044;57,36478986710514;-17,716793669172336
46,32749811636366;47,34067730843384;8,302781887486688;56,033619581082256;-18,803233692022538
45,030939197637004;46,91548835775373;8,818157910028496;55,99937866414897;-18,575669707565158
45,82595702714134;48,37115280684504;8,64984934988507;55,880971721100444;-18,55715712716663
46,4326880404385;49,68946635159681;8,702550063671163;56,924208002724285;-18,574106424640615
47,38810596923483;49,4434003628976;8,840035463227242;57,38097436871918;-19,197942132908935
46,10517637193259;49,81130410897172;8,963447972850895;59,9155666303537;-18,799023671515787
46,38976313555404;48,54753779510224;8,99424582204108;59,01984251658212;-18,385363127962528
49,59132394837755;49,93395812344168;8,947147260896228;59,46388947234532;-19,092326758349188
49,06382675584615;50,270200674185624;9,266848408154381;58,341798216666554;-18,874184680182193
48,66938748521945;48,90564177102802;9,523304413421053;60,203483202589226;-19,302737608347332
47,99897567118975;50,65694512325364;9,141933551740358;61,28638569186448;-19,86341958880895
49,679354015956854;50,04166138280578;9,50592330414843;59,89500853366744;-19,647385428230578
48,964971627696904;48,843182496985015;9,37911350412897;62,93245733176094;-19,68970385350196
48,6939995812652;52,30196448233936;9,234756327195258;61,465261457993776;-19,679999295298746
49,5299898213132;50,60554926621079;9,334176700223297;60,52926202556979;-19,908688902413374
48,952892699878646;51,58517096942085;9,441896620361595;59,789026496423254;-20,70646259825787
49,77700960775232;50,98436739462763;9,605588134429842;60,76622725310865;-20,58897155367036
49,62972906184601;54,428561519928095;9,893951820052793;59,14121948697823;-19,935722135115178
52,23306181590404;52,44570597994735;9,965257445223463;65,6481471237426;-20,03795784728239
51,94723488909153;53,94082599235684;9,888917866843382;62,93220468849936;-20,686355739033182
52,93566852453462;55,90520359150123;9,829955080947755;63,932591423411324;-20,391371113233674
52,001187813094646;52,30836284566384;9,835246158406413;65,72202885535296;-20,575412525281735
51,95418308585845;51,598782102524744;9,86975260794305;62,34982842958904;-20,94648002778216
53,736212142254196;55,90287848701429;10,067751992837;62,83647475270036;-21,148970015626468
53,26823433140618;55,353087891423755;10,15165735365291;66,70234408865717;-21,116012427960086
52,815972851143194;56,0772198675987;10,027188313080043;65,93091894595469;-21,760090729013175
53,81022414893687;54,20906015311411;9,89691971914298;67,6242025577102;-22,177405685344034
56,08010218453382;54,79685080597749;10,476289085305607;67,51903191277094;-22,019733332443067
55,111858188824485;56,16621332227548;10,539918333824879;66,5902981458088;-21,90883410477553
53,065877586328625;57,190017257490844;10,290560856772345;67,84559516748014;-21,648673477416473
56,230372587910765;58,336885714628515;10,274880945873223;66,92086746776695;-21,633687944236588
53,758004119169286;57,9346034463198;10,740653672110803;67,7333417912519;-22,478520869227346
53,67567558002679;59,23691964893997;10,457740313066589;70,20928118167537;-21,805576261464783
55,83611752930081;56,717528354145195;10,515714591268132;68,69698627778531;-21,993839157905704
58,14699200569602;56,58061650966664;11,056067845955631;67,02297225569804;-22,164612079869322
56,71428313391434;58,99742796289709;10,368663951246825;69,66578722598311;-22,706865298530577
56,57096122669108;57,80735072833402;10,845952866718969;72,11329243860885;-22,591493271377917
56,810818122846804;58,346440096397245;10,635847310037967;69,29603131329881;-22,9638883302189
55,351915086085235;60,134712383285596;10,730339633731557;70,68267693652227;-22,69641456517399
58,40218169863602;62,06544161563923;10,910141081100607;70,02178402170635;-22,94459516784766
58,174027597988584;62,19385832228499;11,479313643626918;70,56504688304442;-22,47505520512091
60,041428691878714;60,39794933452674;10,39768203215368;69,35769485205365;-22,938724242789434
59,37202193224443;59,80604449844745;11,28999728334825;72,19613059881422;-23,146399500131622
60,340001947579665;59,88490037278892;11,152182236282867;69,29837944907872;-23,349269589156826
56,989980133479975;61,67087705933378;11,239228023185605;71,4346579914378;-24,413749834381996
59,41803862714365;60,364150191499554;11,170370715599267;77,23687087051758;-23,583743310037214
59,95558526912569;62,04955447749753;11,759227381036526;74,34272762315386;-23,897106575496473
61,33120434791857;65,31476879428558;11,32784459423289;74,58323533303607;-24,41036333672533
60,602938684218095;62,11383574134147;11,68228376384167;73,48245122642061;-24,358957740862177
62,018867820909264;64,1588488083053;11,807945587355178;74,55544587423984;-24,740775516687343
61,30113438022384;64,39735541121905;11,551524375109436;75,62221890001916;-24,775954459974844
61,97552351558707;64,87229197742909;11,55673901689985;77,32188556262783;-24,633844636977773
62,508685070416995;64,80861198158892;11,101873624989093;77,1477398895897;-24,900187470088362
62,51966942748887;64,59214381317007;11,60778370143708;76,83131108920425;-25,01732641282697
62,93434125104679;66,08785429268102;11,478604969463472;75,9241522786571;-25,20530711426145
63,5772910015778;65,77903839584762;11,9377607370888;75,39009407262029;-25,813198737136716
61,66712941716156;65,8959492509121;12,162416976152434;79,01949159346773;-25,44284425144723
63,74061144226849;64,8751191205692;12,23077378213021;80,20513079035955;-25,877386057480507
63,4642217673444;66,71151473465794;12,085155964542556;76,88509179417645;-25,03857867962764
67,07857940290606;64,70167697106727;12,08399815542058;76,53793537388016;-25,785530073731884
64,11072217294291;66,33520175570388;11,74102551419066;79,46955992614444;-25,932781120773143
66,0723348629818;69,61402585278985;12,507848174835134;77,91017218897791;-25,740807691520406
63,91928063786164;65,46309564923638;12,131294093147474;79,25127030542887;-26,281873487897293
63,988476795066255;66,27893798557001;12,473066138521622;81,02238124544442;-27,328730309223054
65,05200091070175;67,8139497303359;12,108357369502144;80,0594412432833;-26,63754321333434
66,00368224101177;68,75317662706293;12,707699066582302;79,81066899235086;-25,62817263453731
67,51200705292321;70,58754345803031;12,955937307190684;82,08878908622566;-27,728911014810585
64,57463035141836;69,3488214508528;12,674199486050965;80,68123473518347;-26,474810071770786
66,51585425578088;70,82503931112537;12,508694199734222;80,47902864425006;-27,571111881234398
67,13437567122133;71,6703182300129;12,728288170860148;83,95483527778673;-27,402776827386656
64,4993278373918;69,5590604024049;13,007899649338603;87,54287806185097;-27,30064582416042
67,60496820758937;71,32665282273638;12,66312002653504;81,89993488448732;-26,54458075047352
69,47434792778358;73,70509844538707;12,874452240083759;85,32614419580995;-26,771590591121456
68,63013266393317;71,55826564657595;13,034217706427498;82,73323718600254;-27,451921023091607
66,60459602889573;72,14677831414724;13,068199270851714;85,65697084104168;-28,521840708489545
69,13321396056409;71,32647301845005;13,15355090573463;84,65568297586915;-27,408296374507128
72,590852412356;71,38138723775621;12,97704431782717;83,22416528111752;-27,967333010085078
68,91120894402866;75,28024126326629;13,090281089654386;82,92221103145287;-28,061547848471132
70,73719840788519;72,70404768479975;13,201081539304466;86,21186439816222;-28,190804003155364
69,54879958618413;72,22677619610542;13,775262981610584;87,7295919219413;-28,061568959929204
70,87244342196617;74,30227268368384;12,877925952958124;85,21221731611544;-28,313113765082406
70,74068166967476;71,25418002170878;13,492012841679944;85,00439031258314;-28,761595238856817
72,58946299512456;74,72283995097749;13,190590489631166;85,43401505989839;-28,001584782400045
73,37215741670566;75,36847931390349;13,387216485317726;87,29262892890962;-28,6868090020075
72,83787083375469;76,43891516816915;13,71912929493136;88,93914028593457;-29,241221457618217
74,16927472316127;73,8810889542543;13,799748484061444;89,48627899101534;-29,540880381013608
74,33489039588764;75,08616801982748;13,780855128973439;89,97009144960671;-29,055084774001248
69,95530786598431;76,45632226228781;13,845680795805317;89,53056819651036;-28,741885985709345
75,34449239301166;74,47095643563101;14,038107298769681;92,97841342076934;-28,679559719470213
74,75286444692458;75,41851250647683;14,0577125062191;93,07226437212333;-29,401104575581783
73,33257299023994;78,05748679318091;13,980779757667356;89,02685633913673;-29,74215869798976
74,85041591611356;75,98427031460174;13,812932827701491;90,42135163477604;-30,26153722230468
75,57729915031517;72,86034083774386;14,134562434933903;92,25138859030312;-30,038667108276822
74,62561377378364;77,5961016243784;13,89850129727273;96,71714499846061;-30,815721598187945
75,05954983607839;80,36189799267977;14,579261739985956;93,314207999445;-30,958318419449167
76,10630346273803;79,40673324106483;13,878144226425821;92,67868041961863;-30,185220972646235
75,31001412480605;78,88702994133428;14,358581103037155;90,43963226578352;-30,627220095560343
76,56585439695877;78,67322668802838;14,97182041569958;93,86193987927537;-30,679534810056847
75,49244985036232;79,96756647068746;14,727861702514634;93,96942869244329;-30,21258471980549
79,29305637521075;81,43143411337063;14,439528313128562;96,87816736484396;-31,13357777675525
78,68467435273075;78,98699497876603;14,839800714988407;98,23587607438766;-30,693702951823813
78,34117799701048;81,9660136740039;14,413251345999566;94,49408551278208;-31,577921227440854
78,05594423386934;78,10637691227052;14,996469959366394;95,22569913674519;-31,136467161458658
75,89887838832018;84,42319617519192;15,026562430030552;92,21038192400906;-30,808497564895458
75,26819000902833;82,91180432669904;14,45389371955513;92,69357520681011;-31,28463987616133
79,97915866931156;82,73280512083105;15,002118006368983;94,36161557562608;-31,72402266638508
79,301648080714;80,00574607911061;14,884032544871344;96,51482131587252;-30,860728332997
